<?xml version="1.0" encoding="UTF-8"?>

<beans xmlns="http://www.springframework.org/schema/beans"
	    xmlns:xsi="http://www.w3.org/2001/XMLSchema-instance"
	    xmlns:context="http://www.springframework.org/schema/context"
	    xsi:schemaLocation="http://www.springframework.org/schema/beans http://www.springframework.org/schema/beans/spring-beans-4.3.xsd
		http://www.springframework.org/schema/context http://www.springframework.org/schema/context/spring-context-4.3.xsd">
	
	<bean id="emp2" class="Lab1.D.Employee" autowire="byName">
		<property name="employeeId" value="12345" />
		<property name="employeeName" value="Harriet" />
		<property name="salary" value="40000.00" />

	</bean>
	
	<bean id="emp3" class="Lab1.D.Employee" autowire="byName">
		<property name="employeeId" value="100" />
		<property name="employeeName" value="Rama" />
		<property name="salary" value="12345.67" />

	</bean>
	
	<bean id="dao" class="Lab1.D.DAO">
	<constructor-arg>
	<list>
	<ref bean="emp2"/>
	<ref bean="emp3"/>
	</list>
	</constructor-arg>
	</bean>
	
	</beans>