<?xml version="1.0" encoding="UTF-8"?>

<beans xmlns="http://www.springframework.org/schema/beans"
	    xmlns:xsi="http://www.w3.org/2001/XMLSchema-instance"
	    xmlns:context="http://www.springframework.org/schema/context"
	    xsi:schemaLocation="http://www.springframework.org/schema/beans http://www.springframework.org/schema/beans/spring-beans-4.3.xsd
		http://www.springframework.org/schema/context http://www.springframework.org/schema/context/spring-context-4.3.xsd">
	
	<bean id="emp1" class="Lab1.B.Employee" autowire="byName">
		<property name="employeeId" value="12345" />
		<property name="employeeName" value="Harriet" />
		<property name="salary" value="40000.00" />
		<property name="age" value="30"/>

	</bean>
	
	<bean id="BU" class="Lab1.B.SBU">
		<constructor-arg value="1" />
		<constructor-arg value="Product Engineering Service" />
		<constructor-arg value="Kiran Rao" />
	</bean>
			
	</beans>